,cryptocurrency,real_estate,etf,bond,stock,diversified
sharpe_ratio,0.70195014,0.732568661,0.5276,0.3339,0.487,0.835
average_annual_return,0.444907689,0.178208554,0.2561,0.2123,0.15875,0.26173
annualized_std,0.633816655,0.243265326,0.4854,0.6358,0.32591,0.31337
